Workbook

Sheet Instagram
A1: Social Media Data Collection — Instagram
A2: Data collection: February/March 2026 | Source: Instagram public profiles (manual)
A3: YELLOW = data entered | BLUE = pre-filled handle | GREY = auto-calculated | Likes hidden for: D&D, Petite Plume, Pink Chicken — engagement rate unavailable for these brands
A4: Brand | B4: Market | C4: Positioning | D4: Instagram Handle | E4: Followers | F4: Following | G4: Follower/Following Ratio (auto) | H4: Total Posts | I4: Last 12: Reels | J4: Last 12: Static | K4: Last 12: Carousel | L4: Avg Likes (Carousel) | M4: Avg Likes (Reels) | N4: Engagement Rate % (auto) [weighted all formats] | O4: Kids/Teen Account? | P4: Content Style | Q4: Notes
A5: M&S | B5: UK | C5: Mass | D5: @marksandspencer | E5: 2400000 | F5: 896 | G5: =IFERROR(ROUND(E5/F5,0),"") -> 2679 | H5: 17400 | I5: 9 | J5: 0 | K5: 3 | L5: 986 | M5: 1210 | N5: =IFERROR(IF(AND(L5="N/A — hidden",M5="N/A — hidden"),"N/A",IF((IF(L5="N/A — hidden",0,K5+J5)+IF(M5="N/A — hidden",0,I5))=0,"N/A",ROUND((IF(L5="N/A — hidden",0,L5*(K5+J5))+IF(M5="N/A — hidden",0,M5*I5))/(IF(L5="N/A — hidden",0,K5+J5)+IF(M5="N/A — hidden",0,I5))/E5*100,3))),"N/A") -> 0.048 | O5: No | P5: Product/Lifestyle | Q5: Mixed content — food, home, fashion. @marksandspencerstyle may be better proxy for fashion analytics.
A6: Next | B6: UK | C6: Mass | D6: @nextofficial | E6: 3400000 | F6: 309 | G6: =IFERROR(ROUND(E6/F6,0),"") -> 11003 | H6: 10100 | I6: 8 | J6: 0 | K6: 4 | L6: 418 | M6: 735 | N6: =IFERROR(IF(AND(L6="N/A — hidden",M6="N/A — hidden"),"N/A",IF((IF(L6="N/A — hidden",0,K6+J6)+IF(M6="N/A — hidden",0,I6))=0,"N/A",ROUND((IF(L6="N/A — hidden",0,L6*(K6+J6))+IF(M6="N/A — hidden",0,M6*I6))/(IF(L6="N/A — hidden",0,K6+J6)+IF(M6="N/A — hidden",0,I6))/E6*100,3))),"N/A") -> 0.019 | O6: No | P6: Lifestyle/Product | Q6: Primarily women's fashion. Only young kids/babies shown — no teen content.
A7: Mini Boden | B7: UK | C7: Premium | D7: @miniboden | E7: 213000 | F7: 480 | G7: =IFERROR(ROUND(E7/F7,0),"") -> 444 | H7: 1240 | I7: 0 | J7: 0 | K7: 12 | L7: N/A — hidden | M7: 0 | N7: =IFERROR(IF(AND(L7="N/A — hidden",M7="N/A — hidden"),"N/A",IF((IF(L7="N/A — hidden",0,K7+J7)+IF(M7="N/A — hidden",0,I7))=0,"N/A",ROUND((IF(L7="N/A — hidden",0,L7*(K7+J7))+IF(M7="N/A — hidden",0,M7*I7))/(IF(L7="N/A — hidden",0,K7+J7)+IF(M7="N/A — hidden",0,I7))/E7*100,3))),"N/A") -> N/A | O7: Yes | P7: Product/Lifestyle/UGC | Q7: All carousel. Heavy UGC from influencer parents. Matching mother/child sets prominent.
A8: Desmond & Dempsey | B8: UK | C8: Premium | D8: @desmondanddempsey | E8: 152000 | F8: 3667 | G8: =IFERROR(ROUND(E8/F8,0),"") -> 41 | H8: 2972 | I8: 0 | J8: 1 | K8: 11 | L8: 299 | M8: 0 | N8: =IFERROR(IF(AND(L8="N/A — hidden",M8="N/A — hidden"),"N/A",IF((IF(L8="N/A — hidden",0,K8+J8)+IF(M8="N/A — hidden",0,I8))=0,"N/A",ROUND((IF(L8="N/A — hidden",0,L8*(K8+J8))+IF(M8="N/A — hidden",0,M8*I8))/(IF(L8="N/A — hidden",0,K8+J8)+IF(M8="N/A — hidden",0,I8))/E8*100,3))),"N/A") -> 0.197 | O8: No | P8: Lifestyle/Product/UGC | Q8: Likes hidden. Heavy influencer UGC. Lifestyle imagery: architecture, travel, interiors.
A9: White Fox | B9: AU/Global | C9: Premium | D9: @whitefoxboutique | E9: 2700000 | F9: 1955 | G9: =IFERROR(ROUND(E9/F9,0),"") -> 1381 | H9: 28700 | I9: 5 | J9: 0 | K9: 7 | L9: 1176 | M9: 2359 | N9: =IFERROR(IF(AND(L9="N/A — hidden",M9="N/A — hidden"),"N/A",IF((IF(L9="N/A — hidden",0,K9+J9)+IF(M9="N/A — hidden",0,I9))=0,"N/A",ROUND((IF(L9="N/A — hidden",0,L9*(K9+J9))+IF(M9="N/A — hidden",0,M9*I9))/(IF(L9="N/A — hidden",0,K9+J9)+IF(M9="N/A — hidden",0,I9))/E9*100,3))),"N/A") -> 0.062 | O9: No | P9: Lifestyle/Product/UGC | Q9: Very high posting frequency — 12+ posts in single day observed. Emphasis on 'sexy' holiday/party aesthetic.
A10: Roller Rabbit | B10: US | C10: Premium | D10: @rollerrabbitofficial | E10: 258000 | F10: 1346 | G10: =IFERROR(ROUND(E10/F10,0),"") -> 192 | H10: 5506 | I10: 3 | J10: 1 | K10: 8 | L10: 2225 | M10: 5267 | N10: =IFERROR(IF(AND(L10="N/A — hidden",M10="N/A — hidden"),"N/A",IF((IF(L10="N/A — hidden",0,K10+J10)+IF(M10="N/A — hidden",0,I10))=0,"N/A",ROUND((IF(L10="N/A — hidden",0,L10*(K10+J10))+IF(M10="N/A — hidden",0,M10*I10))/(IF(L10="N/A — hidden",0,K10+J10)+IF(M10="N/A — hidden",0,I10))/E10*100,3))),"N/A") -> 1.157 | O10: No | P10: Lifestyle/Product | Q10: Target collab posts generate highest engagement. Family-focused, playful, colourful.
A11: Posh Peanut | B11: US | C11: Premium | D11: @poshpeanut | E11: 777000 | F11: 944 | G11: =IFERROR(ROUND(E11/F11,0),"") -> 823 | H11: 6941 | I11: 5 | J11: 0 | K11: 7 | L11: 383 | M11: 515 | N11: =IFERROR(IF(AND(L11="N/A — hidden",M11="N/A — hidden"),"N/A",IF((IF(L11="N/A — hidden",0,K11+J11)+IF(M11="N/A — hidden",0,I11))=0,"N/A",ROUND((IF(L11="N/A — hidden",0,L11*(K11+J11))+IF(M11="N/A — hidden",0,M11*I11))/(IF(L11="N/A — hidden",0,K11+J11)+IF(M11="N/A — hidden",0,I11))/E11*100,3))),"N/A") -> 0.056 | O11: Yes | P11: Product | Q11: Portrait photography, plain backgrounds, product-led. Lower posting frequency (~12 posts/week).
A12: Petite Plume | B12: US | C12: Premium | D12: @petiteplume | E12: 156000 | F12: 1003 | G12: =IFERROR(ROUND(E12/F12,0),"") -> 156 | H12: 3387 | I12: 3 | J12: 0 | K12: 9 | L12: N/A — hidden | M12: N/A — hidden | N12: =IFERROR(IF(AND(L12="N/A — hidden",M12="N/A — hidden"),"N/A",IF((IF(L12="N/A — hidden",0,K12+J12)+IF(M12="N/A — hidden",0,I12))=0,"N/A",ROUND((IF(L12="N/A — hidden",0,L12*(K12+J12))+IF(M12="N/A — hidden",0,M12*I12))/(IF(L12="N/A — hidden",0,K12+J12)+IF(M12="N/A — hidden",0,I12))/E12*100,3))),"N/A") -> N/A | O12: Yes | P12: Lifestyle/Product | Q12: Likes hidden. Neutral, soft colour palette. Calm, considered aesthetic.
A13: Babble & Goose | B13: UK | C13: Premium | D13: @babbleandgoose | E13: 63800 | F13: 1045 | G13: =IFERROR(ROUND(E13/F13,0),"") -> 61 | H13: 2029 | I13: 5 | J13: 2 | K13: 5 | L13: 82 | M13: 164 | N13: =IFERROR(IF(AND(L13="N/A — hidden",M13="N/A — hidden"),"N/A",IF((IF(L13="N/A — hidden",0,K13+J13)+IF(M13="N/A — hidden",0,I13))=0,"N/A",ROUND((IF(L13="N/A — hidden",0,L13*(K13+J13))+IF(M13="N/A — hidden",0,M13*I13))/(IF(L13="N/A — hidden",0,K13+J13)+IF(M13="N/A — hidden",0,I13))/E13*100,3))),"N/A") -> 0.182 | O13: No | P13: Lifestyle/Product | Q13: More focus on adult loungewear. 'Sexy' aesthetic — closer to White Fox than D&D.
A14: Pink Chicken | B14: US | C14: Premium | D14: @pinkchickenny | E14: 139000 | F14: 1314 | G14: =IFERROR(ROUND(E14/F14,0),"") -> 106 | H14: 7309 | I14: 5 | J14: 0 | K14: 7 | L14: N/A — hidden | M14: N/A — hidden | N14: =IFERROR(IF(AND(L14="N/A — hidden",M14="N/A — hidden"),"N/A",IF((IF(L14="N/A — hidden",0,K14+J14)+IF(M14="N/A — hidden",0,I14))=0,"N/A",ROUND((IF(L14="N/A — hidden",0,L14*(K14+J14))+IF(M14="N/A — hidden",0,M14*I14))/(IF(L14="N/A — hidden",0,K14+J14)+IF(M14="N/A — hidden",0,I14))/E14*100,3))),"N/A") -> N/A | O14: Yes | P14: Lifestyle/Product | Q14: Likes hidden. Collab with West Elm Kids. Strong print focus, diverse clothing range.
A15: Pink Palm Puff | B15: US/Global | C15: Premium | D15: @pinkpalmpuff | E15: 676000 | F15: 55 | G15: =IFERROR(ROUND(E15/F15,0),"") -> 12291 | H15: 219 | I15: 0 | J15: 0 | K15: 12 | L15: 15992 | M15: 0 | N15: =IFERROR(IF(AND(L15="N/A — hidden",M15="N/A — hidden"),"N/A",IF((IF(L15="N/A — hidden",0,K15+J15)+IF(M15="N/A — hidden",0,I15))=0,"N/A",ROUND((IF(L15="N/A — hidden",0,L15*(K15+J15))+IF(M15="N/A — hidden",0,M15*I15))/(IF(L15="N/A — hidden",0,K15+J15)+IF(M15="N/A — hidden",0,I15))/E15*100,3))),"N/A") -> 2.366 | O15: Yes | P15: Lifestyle/Product/UGC | Q15: TikTok-native brand. Founded 2023 by Lily Balaisis. Primary platform TikTok (938K). IG ~558K — verify & update.
A16: H&M Kids | B16: Global | C16: Mass | D16: @hm | E16: 4000000 | F16: 80 | G16: =IFERROR(ROUND(E16/F16,0),"") -> 50000 | H16: 2821 | I16: 2 | J16: 0 | K16: 10 | L16: 539 | M16: 468 | N16: =IFERROR(IF(AND(L16="N/A — hidden",M16="N/A — hidden"),"N/A",IF((IF(L16="N/A — hidden",0,K16+J16)+IF(M16="N/A — hidden",0,I16))=0,"N/A",ROUND((IF(L16="N/A — hidden",0,L16*(K16+J16))+IF(M16="N/A — hidden",0,M16*I16))/(IF(L16="N/A — hidden",0,K16+J16)+IF(M16="N/A — hidden",0,I16))/E16*100,3))),"N/A") -> 0.013 | O16: Yes | P16: Product | Q16: younger kids
A17: Zara Kids | B17: Global | C17: Mass | D17: @zarakids | E17: 2500000 | F17: 13 | G17: =IFERROR(ROUND(E17/F17,0),"") -> 192308 | H17: 2185 | I17: 0 | J17: 0 | K17: 12 | L17: 1329 | M17: 0 | N17: =IFERROR(IF(AND(L17="N/A — hidden",M17="N/A — hidden"),"N/A",IF((IF(L17="N/A — hidden",0,K17+J17)+IF(M17="N/A — hidden",0,I17))=0,"N/A",ROUND((IF(L17="N/A — hidden",0,L17*(K17+J17))+IF(M17="N/A — hidden",0,M17*I17))/(IF(L17="N/A — hidden",0,K17+J17)+IF(M17="N/A — hidden",0,I17))/E17*100,3))),"N/A") -> 0.053 | O17: Yes | P17: Product/Lifestyle | Q17: younger kids
A18: River Island Kids | B18: UK | C18: Mass | D18: @riverislandkids | E18: 123000 | F18: 128 | G18: =IFERROR(ROUND(E18/F18,0),"") -> 961 | H18: 2488 | I18: 8 | J18: 0 | K18: 4 | L18: 372 | M18: 666 | N18: =IFERROR(IF(AND(L18="N/A — hidden",M18="N/A — hidden"),"N/A",IF((IF(L18="N/A — hidden",0,K18+J18)+IF(M18="N/A — hidden",0,I18))=0,"N/A",ROUND((IF(L18="N/A — hidden",0,L18*(K18+J18))+IF(M18="N/A — hidden",0,M18*I18))/(IF(L18="N/A — hidden",0,K18+J18)+IF(M18="N/A — hidden",0,I18))/E18*100,3))),"N/A") -> 0.462 | O18: Yes | P18: Product | Q18: mix of videos recorded in store to prof photography
A19: ASOS | B19: UK/Global | C19: Mass | D19: @asos | E19: 14700000 | F19: 1243 | G19: =IFERROR(ROUND(E19/F19,0),"") -> 11826 | H19: 2167 | I19: 5 | J19: 0 | K19: 7 | L19: N/A — hidden | M19: 852 | N19: =IFERROR(IF(AND(L19="N/A — hidden",M19="N/A — hidden"),"N/A",IF((IF(L19="N/A — hidden",0,K19+J19)+IF(M19="N/A — hidden",0,I19))=0,"N/A",ROUND((IF(L19="N/A — hidden",0,L19*(K19+J19))+IF(M19="N/A — hidden",0,M19*I19))/(IF(L19="N/A — hidden",0,K19+J19)+IF(M19="N/A — hidden",0,I19))/E19*100,3))),"N/A") -> 0.006 | O19: No | P19: Product/Lifestyle/UGC | Q19: hidden likes, can only see likes from UGC
A20: Lounge | B20: UK | C20: Premium | D20: @loungeunderwear | E20: 3700000 | F20: 58 | G20: =IFERROR(ROUND(E20/F20,0),"") -> 63793 | H20: 4252 | I20: 6 | J20: 0 | K20: 6 | L20: 5575 | M20: 2380 | N20: =IFERROR(IF(AND(L20="N/A — hidden",M20="N/A — hidden"),"N/A",IF((IF(L20="N/A — hidden",0,K20+J20)+IF(M20="N/A — hidden",0,I20))=0,"N/A",ROUND((IF(L20="N/A — hidden",0,L20*(K20+J20))+IF(M20="N/A — hidden",0,M20*I20))/(IF(L20="N/A — hidden",0,K20+J20)+IF(M20="N/A — hidden",0,I20))/E20*100,3))),"N/A") -> 0.108 | O20: No | P20: Product/Lifestyle | Q20: professional videos/photos, umboxing
A21: Brandy Melville | B21: US/Global | C21: Mass | D21: @brandymelvilleuk | E21: 73600 | F21: 1 | G21: =IFERROR(ROUND(E21/F21,0),"") -> 73600 | H21: 2971 | I21: 0 | J21: 11 | K21: 1 | L21: N/A — none | M21: 983 | N21: =IFERROR(IF(AND(L21="N/A — hidden",M21="N/A — hidden"),"N/A",IF((IF(L21="N/A — hidden",0,K21+J21)+IF(M21="N/A — hidden",0,I21))=0,"N/A",ROUND((IF(L21="N/A — hidden",0,L21*(K21+J21))+IF(M21="N/A — hidden",0,M21*I21))/(IF(L21="N/A — hidden",0,K21+J21)+IF(M21="N/A — hidden",0,I21))/E21*100,3))),"N/A") -> N/A | O21: Yes | P21: Lifestyle/Product | Q21: static staged shots
A22: SHEIN | B22: Global | C22: Mass | D22: @shein_gb | E22: 587000 | F22: 391 | G22: =IFERROR(ROUND(E22/F22,0),"") -> 1501 | H22: 11500 | I22: 3 | J22: 0 | K22: 9 | L22: 121 | M22: 69 | N22: =IFERROR(IF(AND(L22="N/A — hidden",M22="N/A — hidden"),"N/A",IF((IF(L22="N/A — hidden",0,K22+J22)+IF(M22="N/A — hidden",0,I22))=0,"N/A",ROUND((IF(L22="N/A — hidden",0,L22*(K22+J22))+IF(M22="N/A — hidden",0,M22*I22))/(IF(L22="N/A — hidden",0,K22+J22)+IF(M22="N/A — hidden",0,I22))/E22*100,3))),"N/A") -> 0.018 | O22: No | P22: Lifestyle | Q22: promo post had most views
A23: Matalan | B23: UK | C23: Mass | D23: @matalan | G23: =IFERROR(ROUND(E23/F23,0),"") | N23: =IFERROR(IF(AND(L23="N/A — hidden",M23="N/A — hidden"),"N/A",IF((IF(L23="N/A — hidden",0,K23+J23)+IF(M23="N/A — hidden",0,I23))=0,"N/A",ROUND((IF(L23="N/A — hidden",0,L23*(K23+J23))+IF(M23="N/A — hidden",0,M23*I23))/(IF(L23="N/A — hidden",0,K23+J23)+IF(M23="N/A — hidden",0,I23))/E23*100,3))),"N/A") -> N/A | P23: N/A | Q23: no instagram a/c
A24: George (Asda) | B24: UK | C24: Mass | D24: @georgeatasda | E24: 838000 | F24: 1215 | G24: =IFERROR(ROUND(E24/F24,0),"") -> 690 | H24: 7575 | I24: 9 | J24: 0 | K24: 3 | L24: 294 | M24: 671 | N24: =IFERROR(IF(AND(L24="N/A — hidden",M24="N/A — hidden"),"N/A",IF((IF(L24="N/A — hidden",0,K24+J24)+IF(M24="N/A — hidden",0,I24))=0,"N/A",ROUND((IF(L24="N/A — hidden",0,L24*(K24+J24))+IF(M24="N/A — hidden",0,M24*I24))/(IF(L24="N/A — hidden",0,K24+J24)+IF(M24="N/A — hidden",0,I24))/E24*100,3))),"N/A") -> 0.069 | O24: No | P24: Lifestyle/Product/UGC | Q24: UGC posts have most content. Kids products are toys or family.
A25: Primark | B25: UK/Global | C25: Mass | D25: @primark | E25: 11300000 | F25: 1022 | G25: =IFERROR(ROUND(E25/F25,0),"") -> 11057 | H25: 18500 | I25: 10 | J25: 0 | K25: 2 | L25: 2946 | M25: 5728 | N25: =IFERROR(IF(AND(L25="N/A — hidden",M25="N/A — hidden"),"N/A",IF((IF(L25="N/A — hidden",0,K25+J25)+IF(M25="N/A — hidden",0,I25))=0,"N/A",ROUND((IF(L25="N/A — hidden",0,L25*(K25+J25))+IF(M25="N/A — hidden",0,M25*I25))/(IF(L25="N/A — hidden",0,K25+J25)+IF(M25="N/A — hidden",0,I25))/E25*100,3))),"N/A") -> 0.047 | O25: No | P25: Lifestyle/Product/UGC | Q25: in store shots, UGC, few professional shots
A26: Qualitative Observations — Brand Strategy & Content Analysis
A27: Qualitative Observations — Brand Strategy & Content Analysis
A28: M&S | B28: Campaign with highest likes was adaptive clothing (stoma bag). Broad audience, low kids/teen focus.
A29: Next | B29: Heavy women's focus. Teens and older kids absent from feed.
A30: Mini Boden | B30: Stops at age ~11. Confirms no UK premium brand serving 11+ in this aesthetic space. All carousel no reels in last 12. 12th post going back is from 14th feb.
A31: Desmond & Dempsey | B31: Adult brand with small kids line (0-10). Premium aesthetic, editorial feel. High following count suggests active influencer relationship management. 12th post going back is 4th jan.
A32: White Fox | B32: Algorithm-first content machine. Volume-led growth model. Not comparable to premium pyjama brands — different strategy entirely.
A33: Roller Rabbit | B33: Interesting dual strategy: premium social presence + mass market distribution (Target). Highest engagement rate in dataset.
A34: Posh Peanut | B34: Some posts had near-zero likes, others high — inconsistent engagement. Younger kids focus.
A35: Petite Plume | B35: Closest US equivalent to the identified UK gap. Premium family pyjamas, inclusive sizing. Worth deeper analysis.
A36: Babble & Goose | B36: UK-based but not a direct competitor — different positioning (adult sexy loungewear vs premium family pyjamas).
A37: Pink Chicken | B37: Kids-focused brand with beautiful prints. Collab strategy mirrors Roller Rabbit (furniture/home brand partnerships). Likes hidden.
A38: Pink Palm Puff | B38: Founder IS the influencer — entire brand built through Lily's personal TikTok. No traditional marketing. Hoodie-first brand that added pyjamas due to teen audience demand. Viral drop model: products sell out within hours, waitlists common. ~$89 price point. TikTok primary platform (inverse of most brands in dataset). Not a high frequency of posts, 12th post dates to 4th jan. recent posts have 'likes' hidden but older ones show likes. all posts have personal feel b/c posted by founds. some photos look professional, not all. All carousel, no reels in last 12.
A39: H&M Kids | B39: Parent brand account (@hm). Mass market — broad product range, not pyjama-focused. High volume, low specialisation. Younger kids, portrait photography, 12 posts over 6 weeks.
... A48: Primark | B48: UK/global value retailer. Strong teen appeal and social presence despite no e-commerce. Market context for volume comparison. 12 posts in 1 week

Sheet TikTok
A1: Social Media Data Collection — TikTok
A2: Data collection: February/March 2026 | Source: TikTok public profiles (manual) | Mark N/A if brand has no TikTok presence
A3: Brand | B3: Market | C3: TikTok Handle | D3: Followers | E3: Following | F3: Total Videos | G3: Total Likes (profile) | H3: Video 1 Views | I3: Video 2 Views | J3: Video 3 Views | K3: Avg Views (auto)
A4: M&S | B4: UK | C4: @marksandspenceruk | D4: 144300 | E4: 79 | F4: 1161 | G4: 1400000 | H4: 1143 | I4: 2731 | J4: 5039 | K4: =IFERROR(AVERAGE(H4:J4),"") -> 2971
A5: Next | B5: UK | C5: @nextofficial | D5: 233900 | E5: 81 | F5: 1032 | G5: 2500000 | H5: 569 | I5: 1652 | J5: 1025 | K5: =IFERROR(AVERAGE(H5:J5),"") -> 1082
A6: Mini Boden | B6: UK | C6: @boden_clothing | D6: 8916 | E6: 22 | F6: 338 | G6: 48000 | H6: 848 | I6: 874 | J6: 533 | K6: =IFERROR(AVERAGE(H6:J6),"") -> 751.66667
A7: Desmond & Dempsey | B7: UK | C7: @desmondanddempsey | D7: 1022 | E7: 88 | F7: 44 | G7: 2408 | H7: 265 | I7: 279 | J7: 265 | K7: =IFERROR(AVERAGE(H7:J7),"") -> 269.66667
A8: White Fox | B8: AU/Global | C8: @whitefox | D8: 1500000 | E8: 713 | F8: 7541 | G8: 21400000 | H8: 1108 | I8: 3535 | J8: 2358 | K8: =IFERROR(AVERAGE(H8:J8),"") -> 2333.6667
A9: Roller Rabbit | B9: US | C9: @rollerrabbitofficial | D9: 187300 | E9: 0 | F9: 791 | G9: 1400000 | H9: 6517 | I9: 15500 | J9: 15100 | K9: =IFERROR(AVERAGE(H9:J9),"") -> 12372.333
A10: Posh Peanut | B10: US | C10: @poshpeanut | D10: 71700 | E10: 220 | F10: 1081 | G10: 503100 | H10: 386 | I10: 528 | J10: 882 | K10: =IFERROR(AVERAGE(H10:J10),"") -> 598.66667
A11: Petite Plume | B11: US | C11: @petiteplumeofficial | D11: 15200 | E11: 165 | F11: 245 | G11: 99100 | H11: 402 | I11: 582 | J11: 531 | K11: =IFERROR(AVERAGE(H11:J11),"") -> 505
A12: Babble & Goose | B12: UK | C12: @babbleandgoose | D12: 70100 | E12: 1038 | F12: 855 | G12: 698700 | H12: 3463 | I12: 85000 | J12: 3434 | K12: =IFERROR(AVERAGE(H12:J12),"") -> 30632.333
A13: Pink Chicken | B13: US | C13: @pinkchickenny | D13: 4541 | E13: 283 | F13: 112 | G13: 206900 | H13: 325 | I13: 539 | J13: 593 | K13: =IFERROR(AVERAGE(H13:J13),"") -> 485.66667
A14: Pink Palm Puff | B14: US/Global | C14: @pinkpalmpuff | D14: 967400 | E14: 4191 | F14: 282 | G14: 16400000 | H14: 24400 | I14: 30300 | J14: 45600 | K14: =IFERROR(AVERAGE(H14:J14),"") -> 33433.333
A15: H&M Kids | B15: Global | C15: @hm | D15: 865600 | E15: 103 | F15: 807 | G15: 8300000 | H15: 1026 | I15: 993 | J15: 121100 | K15: =IFERROR(AVERAGE(H15:J15),"") -> 41039.667
... A24: Primark | B24: UK/Global | C24: @primark | D24: 2000000 | E24: 183 | F24: 1673 | G24: 35000000 | H24: 3266 | I24: 7806 | J24: 7668 | K24: =IFERROR(AVERAGE(H24:J24),"") -> 6246.6667
A26: Notes
A27: M&S | B27: Handle corrected to @marksandspenceruk (official account). Data from Countik, 27 Feb 2026.
A28: Next | B28: Data from Countik, 27 Feb 2026.
A29: Mini Boden | B29: Handle corrected to @boden_clothing (official account). Data from Countik, 27 Feb 2026.
A30: Desmond & Dempsey | B30: Data from Countik, 27 Feb 2026. Low activity account (44 total videos).
A31: White Fox | B31: Handle corrected to @whitefox (official account). Data from Countik, 27 Feb 2026.
A32: Roller Rabbit | B32: Handle corrected to @rollerrabbitofficial. Data from Countik, 27 Feb 2026.
A33: Posh Peanut | B33: Data from Countik, 27 Feb 2026.
A34: Petite Plume | B34: Handle corrected to @petiteplumeofficial. Data from Countik, 27 Feb 2026.
A35: Babble & Goose | B35: Handle found: @babbleandgoose. Data from Countik, 27 Feb 2026.
A36: Pink Chicken | B36: Data from Countik, 27 Feb 2026.
A37: Pink Palm Puff | B37: 967K followers, 4,191 following, 282 videos, 16.4M total likes. Primary growth platform for brand. Founder Lily's content strategy drove viral growth — drop model, sellouts, waitlists. Avg views on top 3 videos: 24.4K / 30.3K / 45.6K. Data from Countik, Feb 2026.
A38: H&M Kids | B38: Handle @hm (parent brand account). Data from Countik, Mar 2026.
... A47: Primark | B47: Data from Countik, Mar 2026.

Sheet Summary
A1: Social Media Summary — Cross-Platform Comparison
A2: Auto-populated from Instagram and TikTok sheets
A3: Brand | B3: Market | C3: Positioning | D3: IG Followers | E3: IG Eng Rate % | F3: Follower/ Following Ratio | G3: IG Content Mix (R/S/C of last 12) | H3: TikTok Followers | I3: TikTok Avg Views | J3: Total IG+TT Followers | K3: Key Observation
A4: M&S | B4: UK | C4: Mass | D4: =IFERROR(Instagram!E5,"") -> 2400000 | E4: =IFERROR(Instagram!N5,"") -> 0.048 | F4: =IFERROR(Instagram!G5,"") -> 2679 | G4: =IFERROR(Instagram!I5&"/"&Instagram!J5&"/"&Instagram!K5,"") -> 9/0/3 | H4: =IFERROR(TikTok!D4,"") -> 144300 | I4: =IFERROR(TikTok!K4,"") -> 2971 | J4: =IFERROR(D4+H4,"") -> 2544300
A5: Next | B5: UK | C5: Mass | D5: =IFERROR(Instagram!E6,"") -> 3400000 | E5: =IFERROR(Instagram!N6,"") -> 0.019 | F5: =IFERROR(Instagram!G6,"") -> 11003 | G5: =IFERROR(Instagram!I6&"/"&Instagram!J6&"/"&Instagram!K6,"") -> 8/0/4 | H5: =IFERROR(TikTok!D5,"") -> 233900 | I5: =IFERROR(TikTok!K5,"") -> 1082 | J5: =IFERROR(D5+H5,"") -> 3633900
A6: Mini Boden | B6: UK | C6: Premium | D6: =IFERROR(Instagram!E7,"") -> 213000 | E6: =IFERROR(Instagram!N7,"") -> N/A | F6: =IFERROR(Instagram!G7,"") -> 444 | G6: =IFERROR(Instagram!I7&"/"&Instagram!J7&"/"&Instagram!K7,"") -> 0/0/12 | H6: =IFERROR(TikTok!D6,"") -> 8916 | I6: =IFERROR(TikTok!K6,"") -> 751.66667 | J6: =IFERROR(D6+H6,"") -> 221916
A7: Desmond & Dempsey | B7: UK | C7: Premium | D7: =IFERROR(Instagram!E8,"") -> 152000 | E7: =IFERROR(Instagram!N8,"") -> 0.197 | F7: =IFERROR(Instagram!G8,"") -> 41 | G7: =IFERROR(Instagram!I8&"/"&Instagram!J8&"/"&Instagram!K8,"") -> 0/1/11 | H7: =IFERROR(TikTok!D7,"") -> 1022 | I7: =IFERROR(TikTok!K7,"") -> 269.66667 | J7: =IFERROR(D7+H7,"") -> 153022
A8: White Fox | B8: AU/Global | C8: Premium | D8: =IFERROR(Instagram!E9,"") -> 2700000 | E8: =IFERROR(Instagram!N9,"") -> 0.062 | F8: =IFERROR(Instagram!G9,"") -> 1381 | G8: =IFERROR(Instagram!I9&"/"&Instagram!J9&"/"&Instagram!K9,"") -> 5/0/7 | H8: =IFERROR(TikTok!D8,"") -> 1500000 | I8: =IFERROR(TikTok!K8,"") -> 2333.6667 | J8: =IFERROR(D8+H8,"") -> 4200000
A9: Roller Rabbit | B9: US | C9: Premium | D9: =IFERROR(Instagram!E10,"") -> 258000 | E9: =IFERROR(Instagram!N10,"") -> 1.157 | F9: =IFERROR(Instagram!G10,"") -> 192 | G9: =IFERROR(Instagram!I10&"/"&Instagram!J10&"/"&Instagram!K10,"") -> 3/1/8 | H9: =IFERROR(TikTok!D9,"") -> 187300 | I9: =IFERROR(TikTok!K9,"") -> 12372.333 | J9: =IFERROR(D9+H9,"") -> 445300
A10: Posh Peanut | B10: US | C10: Premium | D10: =IFERROR(Instagram!E11,"") -> 777000 | E10: =IFERROR(Instagram!N11,"") -> 0.056 | F10: =IFERROR(Instagram!G11,"") -> 823 | G10: =IFERROR(Instagram!I11&"/"&Instagram!J11&"/"&Instagram!K11,"") -> 5/0/7 | H10: =IFERROR(TikTok!D10,"") -> 71700 | I10: =IFERROR(TikTok!K10,"") -> 598.66667 | J10: =IFERROR(D10+H10,"") -> 848700
A11: Petite Plume | B11: US | C11: Premium | D11: =IFERROR(Instagram!E12,"") -> 156000 | E11: =IFERROR(Instagram!N12,"") -> N/A | F11: =IFERROR(Instagram!G12,"") -> 156 | G11: =IFERROR(Instagram!I12&"/"&Instagram!J12&"/"&Instagram!K12,"") -> 3/0/9 | H11: =IFERROR(TikTok!D11,"") -> 15200 | I11: =IFERROR(TikTok!K11,"") -> 505 | J11: =IFERROR(D11+H11,"") -> 171200
A12: Babble & Goose | B12: UK | C12: Premium | D12: =IFERROR(Instagram!E13,"") -> 63800 | E12: =IFERROR(Instagram!N13,"") -> 0.182 | F12: =IFERROR(Instagram!G13,"") -> 61 | G12: =IFERROR(Instagram!I13&"/"&Instagram!J13&"/"&Instagram!K13,"") -> 5/2/5 | H12: =IFERROR(TikTok!D12,"") -> 70100 | I12: =IFERROR(TikTok!K12,"") -> 30632.333 | J12: =IFERROR(D12+H12,"") -> 133900
A13: Pink Chicken | B13: US | C13: Premium | D13: =IFERROR(Instagram!E14,"") -> 139000 | E13: =IFERROR(Instagram!N14,"") -> N/A | F13: =IFERROR(Instagram!G14,"") -> 106 | G13: =IFERROR(Instagram!I14&"/"&Instagram!J14&"/"&Instagram!K14,"") -> 5/0/7 | H13: =IFERROR(TikTok!D13,"") -> 4541 | I13: =IFERROR(TikTok!K13,"") -> 485.66667 | J13: =IFERROR(D13+H13,"") -> 143541
A14: Pink Palm Puff | B14: US/Global | C14: Premium | D14: =IFERROR(Instagram!E15,"") -> 676000 | E14: =IFERROR(Instagram!N15,"") -> 2.366 | F14: =IFERROR(Instagram!G15,"") -> 12291 | G14: =IFERROR(Instagram!I15&"/"&Instagram!J15&"/"&Instagram!K15,"") -> 0/0/12 | H14: =IFERROR(TikTok!D14,"") -> 967400 | I14: =IFERROR(TikTok!K14,"") -> 33433.333 | J14: =IFERROR(D14+H14,"") -> 1643400 | K14: TikTok-native brand. Founder IS the influencer. Added pyjamas due to teen audience demand — strong validation of 11-19 premium loungewear market.
A15: H&M Kids | B15: Global | C15: Mass | D15: =IFERROR(Instagram!E16,"") -> 4000000 | E15: =IFERROR(Instagram!N16,"") -> 0.013 | F15: =IFERROR(Instagram!G16,"") -> 50000 | G15: =IFERROR(Instagram!I16&"/"&Instagram!J16&"/"&Instagram!K16,"") -> 2/0/10 | H15: =IFERROR(TikTok!D15,"") -> 865600 | I15: =IFERROR(TikTok!K15,"") -> 41039.667 | J15: =IFERROR(D15+H15,"") -> 4865600
A16: Zara Kids | B16: Global | C16: Mass | D16: =IFERROR(Instagram!E17,"") -> 2500000 | E16: =IFERROR(Instagram!N17,"") -> 0.053 | F16: =IFERROR(Instagram!G17,"") -> 192308 | G16: =IFERROR(Instagram!I17&"/"&Instagram!J17&"/"&Instagram!K17,"") -> 0/0/12 | H16: =IFERROR(TikTok!D16,"") -> 14100000 | I16: =IFERROR(TikTok!K16,"") -> 4866666.7 | J16: =IFERROR(D16+H16,"") -> 16600000
A17: River Island Kids | B17: UK | C17: Mass | D17: =IFERROR(Instagram!E18,"") -> 123000 | E17: =IFERROR(Instagram!N18,"") -> 0.462 | F17: =IFERROR(Instagram!G18,"") -> 961 | G17: =IFERROR(Instagram!I18&"/"&Instagram!J18&"/"&Instagram!K18,"") -> 8/0/4 | H17: =IFERROR(TikTok!D17,"") -> 162700 | I17: =IFERROR(TikTok!K17,"") -> 1937.6667 | J17: =IFERROR(D17+H17,"") -> 285700
A18: ASOS | B18: UK/Global | C18: Mass | D18: =IFERROR(Instagram!E19,"") -> 14700000 | E18: =IFERROR(Instagram!N19,"") -> 0.006 | F18: =IFERROR(Instagram!G19,"") -> 11826 | G18: =IFERROR(Instagram!I19&"/"&Instagram!J19&"/"&Instagram!K19,"") -> 5/0/7 | H18: =IFERROR(TikTok!D18,"") -> 2200000 | I18: =IFERROR(TikTok!K18,"") -> 231167.67 | J18: =IFERROR(D18+H18,"") -> 16900000
A19: Lounge | B19: UK | C19: Premium | D19: =IFERROR(Instagram!E20,"") -> 3700000 | E19: =IFERROR(Instagram!N20,"") -> 0.108 | F19: =IFERROR(Instagram!G20,"") -> 63793 | G19: =IFERROR(Instagram!I20&"/"&Instagram!J20&"/"&Instagram!K20,"") -> 6/0/6 | H19: =IFERROR(TikTok!D19,"") -> 1100000 | I19: =IFERROR(TikTok!K19,"") -> 2393.6667 | J19: =IFERROR(D19+H19,"") -> 4800000
A20: Brandy Melville | B20: US/Global | C20: Mass | D20: =IFERROR(Instagram!E21,"") -> 73600 | E20: =IFERROR(Instagram!N21,"") -> N/A | F20: =IFERROR(Instagram!G21,"") -> 73600 | G20: =IFERROR(Instagram!I21&"/"&Instagram!J21&"/"&Instagram!K21,"") -> 0/11/1 | H20: =IFERROR(TikTok!D20,"") -> 159400 | I20: =IFERROR(TikTok!K20,"") -> 32400 | J20: =IFERROR(D20+H20,"") -> 233000
A21: SHEIN | B21: Global | C21: Mass | D21: =IFERROR(Instagram!E22,"") -> 587000 | E21: =IFERROR(Instagram!N22,"") -> 0.018 | F21: =IFERROR(Instagram!G22,"") -> 1501 | G21: =IFERROR(Instagram!I22&"/"&Instagram!J22&"/"&Instagram!K22,"") -> 3/0/9 | H21: =IFERROR(TikTok!D21,"") -> 11100000 | I21: =IFERROR(TikTok!K21,"") -> 12583.333 | J21: =IFERROR(D21+H21,"") -> 11687000
A22: Matalan | B22: UK | C22: Mass | D22: =IFERROR(Instagram!E23,"") -> 0 | E22: =IFERROR(Instagram!N23,"") -> N/A | F22: =IFERROR(Instagram!G23,"") | G22: =IFERROR(Instagram!I23&"/"&Instagram!J23&"/"&Instagram!K23,"") -> // | H22: =IFERROR(TikTok!D22,"") -> 39900 | I22: =IFERROR(TikTok!K22,"") -> 1655.6667 | J22: =IFERROR(D22+H22,"") -> 39900
A23: George (Asda) | B23: UK | C23: Mass | D23: =IFERROR(Instagram!E24,"") -> 838000 | E23: =IFERROR(Instagram!N24,"") -> 0.069 | F23: =IFERROR(Instagram!G24,"") -> 690 | G23: =IFERROR(Instagram!I24&"/"&Instagram!J24&"/"&Instagram!K24,"") -> 9/0/3 | H23: =IFERROR(TikTok!D23,"") -> 128400 | I23: =IFERROR(TikTok!K23,"") -> 3228.6667 | J23: =IFERROR(D23+H23,"") -> 966400
A24: Primark | B24: UK/Global | C24: Mass | D24: =IFERROR(Instagram!E25,"") -> 11300000 | E24: =IFERROR(Instagram!N25,"") -> 0.047 | F24: =IFERROR(Instagram!G25,"") -> 11057 | G24: =IFERROR(Instagram!I25&"/"&Instagram!J25&"/"&Instagram!K25,"") -> 10/0/2 | H24: =IFERROR(TikTok!D24,"") -> 2000000 | I24: =IFERROR(TikTok!K24,"") -> 6246.6667 | J24: =IFERROR(D24+H24,"") -> 13300000
